{
    "ELP-USB16MP01-BL180-2048x1536": {
        "Position": [
            -0.23687,
            -0.00677,
            0.52937
        ],
        "Intrinsic": {
            "K": [
                631.65112,
                0.0,
                1042.45127,
                0.0,
                631.16614,
                847.332,
                0.0,
                0.0,
                1.0
            ],
            "D": [
                1.0,
                -0.03688,
                -0.00783,
                0.00217,
                -0.00079
            ],
            "ReprojectionError": 0.08894
        },
        "Extrinsic": {
            "World": {
                "Camera": {
                    "R": [
                        0.00463,
                        -0.99998,
                        0.00385,
                        -0.01405,
                        -0.00391,
                        -0.99989,
                        0.99989,
                        0.00457,
                        -0.01407
                    ],
                    "t": [
                        -0.00771,
                        0.52596,
                        0.24432
                    ]
                }
            },
            "Camera": {
                "World": {
                    "R": [
                        0.00463,
                        -0.01405,
                        0.99989,
                        -0.99998,
                        -0.00391,
                        0.00457,
                        0.00385,
                        -0.99989,
                        -0.01407
                    ],
                    "t": [
                        -0.23687,
                        -0.00677,
                        0.52937
                    ]
                }
            }
        }
    }
}